Date,Year,Month,Month Name,Quarter,Day,Day Name,Start of Month
01-Jul-23,2023,7,July,Q3,1,Saturday,01-Jul-23
02-Jul-23,2023,7,July,Q3,2,Sunday,01-Jul-23
03-Jul-23,2023,7,July,Q3,3,Monday,01-Jul-23
04-Jul-23,2023,7,July,Q3,4,Tuesday,01-Jul-23
05-Jul-23,2023,7,July,Q3,5,Wednesday,01-Jul-23
06-Jul-23,2023,7,July,Q3,6,Thursday,01-Jul-23
07-Jul-23,2023,7,July,Q3,7,Friday,01-Jul-23
08-Jul-23,2023,7,July,Q3,8,Saturday,01-Jul-23
09-Jul-23,2023,7,July,Q3,9,Sunday,01-Jul-23
10-Jul-23,2023,7,July,Q3,10,Monday,01-Jul-23
11-Jul-23,2023,7,July,Q3,11,Tuesday,01-Jul-23
12-Jul-23,2023,7,July,Q3,12,Wednesday,01-Jul-23
13-Jul-23,2023,7,July,Q3,13,Thursday,01-Jul-23
14-Jul-23,2023,7,July,Q3,14,Friday,01-Jul-23
15-Jul-23,2023,7,July,Q3,15,Saturday,01-Jul-23
16-Jul-23,2023,7,July,Q3,16,Sunday,01-Jul-23
17-Jul-23,2023,7,July,Q3,17,Monday,01-Jul-23
18-Jul-23,2023,7,July,Q3,18,Tuesday,01-Jul-23
19-Jul-23,2023,7,July,Q3,19,Wednesday,01-Jul-23
20-Jul-23,2023,7,July,Q3,20,Thursday,01-Jul-23
21-Jul-23,2023,7,July,Q3,21,Friday,01-Jul-23
22-Jul-23,2023,7,July,Q3,22,Saturday,01-Jul-23
23-Jul-23,2023,7,July,Q3,23,Sunday,01-Jul-23
24-Jul-23,2023,7,July,Q3,24,Monday,01-Jul-23
25-Jul-23,2023,7,July,Q3,25,Tuesday,01-Jul-23
26-Jul-23,2023,7,July,Q3,26,Wednesday,01-Jul-23
27-Jul-23,2023,7,July,Q3,27,Thursday,01-Jul-23
28-Jul-23,2023,7,July,Q3,28,Friday,01-Jul-23
29-Jul-23,2023,7,July,Q3,29,Saturday,01-Jul-23
30-Jul-23,2023,7,July,Q3,30,Sunday,01-Jul-23
31-Jul-23,2023,7,July,Q3,31,Monday,01-Jul-23
01-Aug-23,2023,8,August,Q3,1,Tuesday,01-Aug-23
02-Aug-23,2023,8,August,Q3,2,Wednesday,01-Aug-23
03-Aug-23,2023,8,August,Q3,3,Thursday,01-Aug-23
04-Aug-23,2023,8,August,Q3,4,Friday,01-Aug-23
05-Aug-23,2023,8,August,Q3,5,Saturday,01-Aug-23
06-Aug-23,2023,8,August,Q3,6,Sunday,01-Aug-23
07-Aug-23,2023,8,August,Q3,7,Monday,01-Aug-23
08-Aug-23,2023,8,August,Q3,8,Tuesday,01-Aug-23
09-Aug-23,2023,8,August,Q3,9,Wednesday,01-Aug-23
10-Aug-23,2023,8,August,Q3,10,Thursday,01-Aug-23
11-Aug-23,2023,8,August,Q3,11,Friday,01-Aug-23
12-Aug-23,2023,8,August,Q3,12,Saturday,01-Aug-23
13-Aug-23,2023,8,August,Q3,13,Sunday,01-Aug-23
14-Aug-23,2023,8,August,Q3,14,Monday,01-Aug-23
15-Aug-23,2023,8,August,Q3,15,Tuesday,01-Aug-23
16-Aug-23,2023,8,August,Q3,16,Wednesday,01-Aug-23
17-Aug-23,2023,8,August,Q3,17,Thursday,01-Aug-23
18-Aug-23,2023,8,August,Q3,18,Friday,01-Aug-23
19-Aug-23,2023,8,August,Q3,19,Saturday,01-Aug-23
20-Aug-23,2023,8,August,Q3,20,Sunday,01-Aug-23
21-Aug-23,2023,8,August,Q3,21,Monday,01-Aug-23
22-Aug-23,2023,8,August,Q3,22,Tuesday,01-Aug-23
23-Aug-23,2023,8,August,Q3,23,Wednesday,01-Aug-23
24-Aug-23,2023,8,August,Q3,24,Thursday,01-Aug-23
25-Aug-23,2023,8,August,Q3,25,Friday,01-Aug-23
26-Aug-23,2023,8,August,Q3,26,Saturday,01-Aug-23
27-Aug-23,2023,8,August,Q3,27,Sunday,01-Aug-23
28-Aug-23,2023,8,August,Q3,28,Monday,01-Aug-23
29-Aug-23,2023,8,August,Q3,29,Tuesday,01-Aug-23
30-Aug-23,2023,8,August,Q3,30,Wednesday,01-Aug-23
31-Aug-23,2023,8,August,Q3,31,Thursday,01-Aug-23
01-Sep-23,2023,9,September,Q3,1,Friday,01-Sep-23
02-Sep-23,2023,9,September,Q3,2,Saturday,01-Sep-23
03-Sep-23,2023,9,September,Q3,3,Sunday,01-Sep-23
04-Sep-23,2023,9,September,Q3,4,Monday,01-Sep-23
05-Sep-23,2023,9,September,Q3,5,Tuesday,01-Sep-23
06-Sep-23,2023,9,September,Q3,6,Wednesday,01-Sep-23
07-Sep-23,2023,9,September,Q3,7,Thursday,01-Sep-23
08-Sep-23,2023,9,September,Q3,8,Friday,01-Sep-23
09-Sep-23,2023,9,September,Q3,9,Saturday,01-Sep-23
10-Sep-23,2023,9,September,Q3,10,Sunday,01-Sep-23
11-Sep-23,2023,9,September,Q3,11,Monday,01-Sep-23
12-Sep-23,2023,9,September,Q3,12,Tuesday,01-Sep-23
13-Sep-23,2023,9,September,Q3,13,Wednesday,01-Sep-23
14-Sep-23,2023,9,September,Q3,14,Thursday,01-Sep-23
15-Sep-23,2023,9,September,Q3,15,Friday,01-Sep-23
16-Sep-23,2023,9,September,Q3,16,Saturday,01-Sep-23
17-Sep-23,2023,9,September,Q3,17,Sunday,01-Sep-23
18-Sep-23,2023,9,September,Q3,18,Monday,01-Sep-23
19-Sep-23,2023,9,September,Q3,19,Tuesday,01-Sep-23
20-Sep-23,2023,9,September,Q3,20,Wednesday,01-Sep-23
21-Sep-23,2023,9,September,Q3,21,Thursday,01-Sep-23
22-Sep-23,2023,9,September,Q3,22,Friday,01-Sep-23
23-Sep-23,2023,9,September,Q3,23,Saturday,01-Sep-23
24-Sep-23,2023,9,September,Q3,24,Sunday,01-Sep-23
25-Sep-23,2023,9,September,Q3,25,Monday,01-Sep-23
26-Sep-23,2023,9,September,Q3,26,Tuesday,01-Sep-23
27-Sep-23,2023,9,September,Q3,27,Wednesday,01-Sep-23
28-Sep-23,2023,9,September,Q3,28,Thursday,01-Sep-23
29-Sep-23,2023,9,September,Q3,29,Friday,01-Sep-23
30-Sep-23,2023,9,September,Q3,30,Saturday,01-Sep-23
01-Apr-23,2023,4,April,Q2,1,Saturday,01-Apr-23
02-Apr-23,2023,4,April,Q2,2,Sunday,01-Apr-23
03-Apr-23,2023,4,April,Q2,3,Monday,01-Apr-23
04-Apr-23,2023,4,April,Q2,4,Tuesday,01-Apr-23
05-Apr-23,2023,4,April,Q2,5,Wednesday,01-Apr-23
06-Apr-23,2023,4,April,Q2,6,Thursday,01-Apr-23
07-Apr-23,2023,4,April,Q2,7,Friday,01-Apr-23
08-Apr-23,2023,4,April,Q2,8,Saturday,01-Apr-23
09-Apr-23,2023,4,April,Q2,9,Sunday,01-Apr-23
10-Apr-23,2023,4,April,Q2,10,Monday,01-Apr-23
11-Apr-23,2023,4,April,Q2,11,Tuesday,01-Apr-23
12-Apr-23,2023,4,April,Q2,12,Wednesday,01-Apr-23
13-Apr-23,2023,4,April,Q2,13,Thursday,01-Apr-23
14-Apr-23,2023,4,April,Q2,14,Friday,01-Apr-23
15-Apr-23,2023,4,April,Q2,15,Saturday,01-Apr-23
16-Apr-23,2023,4,April,Q2,16,Sunday,01-Apr-23
17-Apr-23,2023,4,April,Q2,17,Monday,01-Apr-23
18-Apr-23,2023,4,April,Q2,18,Tuesday,01-Apr-23
19-Apr-23,2023,4,April,Q2,19,Wednesday,01-Apr-23
20-Apr-23,2023,4,April,Q2,20,Thursday,01-Apr-23
21-Apr-23,2023,4,April,Q2,21,Friday,01-Apr-23
22-Apr-23,2023,4,April,Q2,22,Saturday,01-Apr-23
23-Apr-23,2023,4,April,Q2,23,Sunday,01-Apr-23
24-Apr-23,2023,4,April,Q2,24,Monday,01-Apr-23
25-Apr-23,2023,4,April,Q2,25,Tuesday,01-Apr-23
26-Apr-23,2023,4,April,Q2,26,Wednesday,01-Apr-23
27-Apr-23,2023,4,April,Q2,27,Thursday,01-Apr-23
28-Apr-23,2023,4,April,Q2,28,Friday,01-Apr-23
29-Apr-23,2023,4,April,Q2,29,Saturday,01-Apr-23
30-Apr-23,2023,4,April,Q2,30,Sunday,01-Apr-23
01-May-23,2023,5,May,Q2,1,Monday,01-May-23
02-May-23,2023,5,May,Q2,2,Tuesday,01-May-23
03-May-23,2023,5,May,Q2,3,Wednesday,01-May-23
04-May-23,2023,5,May,Q2,4,Thursday,01-May-23
05-May-23,2023,5,May,Q2,5,Friday,01-May-23
06-May-23,2023,5,May,Q2,6,Saturday,01-May-23
07-May-23,2023,5,May,Q2,7,Sunday,01-May-23
08-May-23,2023,5,May,Q2,8,Monday,01-May-23
09-May-23,2023,5,May,Q2,9,Tuesday,01-May-23
10-May-23,2023,5,May,Q2,10,Wednesday,01-May-23
11-May-23,2023,5,May,Q2,11,Thursday,01-May-23
12-May-23,2023,5,May,Q2,12,Friday,01-May-23
13-May-23,2023,5,May,Q2,13,Saturday,01-May-23
14-May-23,2023,5,May,Q2,14,Sunday,01-May-23
15-May-23,2023,5,May,Q2,15,Monday,01-May-23
16-May-23,2023,5,May,Q2,16,Tuesday,01-May-23
17-May-23,2023,5,May,Q2,17,Wednesday,01-May-23
18-May-23,2023,5,May,Q2,18,Thursday,01-May-23
19-May-23,2023,5,May,Q2,19,Friday,01-May-23
20-May-23,2023,5,May,Q2,20,Saturday,01-May-23
21-May-23,2023,5,May,Q2,21,Sunday,01-May-23
22-May-23,2023,5,May,Q2,22,Monday,01-May-23
23-May-23,2023,5,May,Q2,23,Tuesday,01-May-23
24-May-23,2023,5,May,Q2,24,Wednesday,01-May-23
25-May-23,2023,5,May,Q2,25,Thursday,01-May-23
26-May-23,2023,5,May,Q2,26,Friday,01-May-23
27-May-23,2023,5,May,Q2,27,Saturday,01-May-23
28-May-23,2023,5,May,Q2,28,Sunday,01-May-23
29-May-23,2023,5,May,Q2,29,Monday,01-May-23
30-May-23,2023,5,May,Q2,30,Tuesday,01-May-23
31-May-23,2023,5,May,Q2,31,Wednesday,01-May-23
01-Jun-23,2023,6,June,Q2,1,Thursday,01-Jun-23
02-Jun-23,2023,6,June,Q2,2,Friday,01-Jun-23
03-Jun-23,2023,6,June,Q2,3,Saturday,01-Jun-23
04-Jun-23,2023,6,June,Q2,4,Sunday,01-Jun-23
05-Jun-23,2023,6,June,Q2,5,Monday,01-Jun-23
06-Jun-23,2023,6,June,Q2,6,Tuesday,01-Jun-23
07-Jun-23,2023,6,June,Q2,7,Wednesday,01-Jun-23
08-Jun-23,2023,6,June,Q2,8,Thursday,01-Jun-23
09-Jun-23,2023,6,June,Q2,9,Friday,01-Jun-23
10-Jun-23,2023,6,June,Q2,10,Saturday,01-Jun-23
11-Jun-23,2023,6,June,Q2,11,Sunday,01-Jun-23
12-Jun-23,2023,6,June,Q2,12,Monday,01-Jun-23
13-Jun-23,2023,6,June,Q2,13,Tuesday,01-Jun-23
14-Jun-23,2023,6,June,Q2,14,Wednesday,01-Jun-23
15-Jun-23,2023,6,June,Q2,15,Thursday,01-Jun-23
16-Jun-23,2023,6,June,Q2,16,Friday,01-Jun-23
17-Jun-23,2023,6,June,Q2,17,Saturday,01-Jun-23
18-Jun-23,2023,6,June,Q2,18,Sunday,01-Jun-23
19-Jun-23,2023,6,June,Q2,19,Monday,01-Jun-23
20-Jun-23,2023,6,June,Q2,20,Tuesday,01-Jun-23
21-Jun-23,2023,6,June,Q2,21,Wednesday,01-Jun-23
22-Jun-23,2023,6,June,Q2,22,Thursday,01-Jun-23
23-Jun-23,2023,6,June,Q2,23,Friday,01-Jun-23
24-Jun-23,2023,6,June,Q2,24,Saturday,01-Jun-23
25-Jun-23,2023,6,June,Q2,25,Sunday,01-Jun-23
26-Jun-23,2023,6,June,Q2,26,Monday,01-Jun-23
27-Jun-23,2023,6,June,Q2,27,Tuesday,01-Jun-23
28-Jun-23,2023,6,June,Q2,28,Wednesday,01-Jun-23
29-Jun-23,2023,6,June,Q2,29,Thursday,01-Jun-23
30-Jun-23,2023,6,June,Q2,30,Friday,01-Jun-23
01-Oct-23,2023,10,October,Q4,1,Sunday,01-Oct-23
02-Oct-23,2023,10,October,Q4,2,Monday,01-Oct-23
03-Oct-23,2023,10,October,Q4,3,Tuesday,01-Oct-23
04-Oct-23,2023,10,October,Q4,4,Wednesday,01-Oct-23
05-Oct-23,2023,10,October,Q4,5,Thursday,01-Oct-23
06-Oct-23,2023,10,October,Q4,6,Friday,01-Oct-23
07-Oct-23,2023,10,October,Q4,7,Saturday,01-Oct-23
08-Oct-23,2023,10,October,Q4,8,Sunday,01-Oct-23
09-Oct-23,2023,10,October,Q4,9,Monday,01-Oct-23
10-Oct-23,2023,10,October,Q4,10,Tuesday,01-Oct-23
11-Oct-23,2023,10,October,Q4,11,Wednesday,01-Oct-23
12-Oct-23,2023,10,October,Q4,12,Thursday,01-Oct-23
13-Oct-23,2023,10,October,Q4,13,Friday,01-Oct-23
14-Oct-23,2023,10,October,Q4,14,Saturday,01-Oct-23
15-Oct-23,2023,10,October,Q4,15,Sunday,01-Oct-23
16-Oct-23,2023,10,October,Q4,16,Monday,01-Oct-23
17-Oct-23,2023,10,October,Q4,17,Tuesday,01-Oct-23
18-Oct-23,2023,10,October,Q4,18,Wednesday,01-Oct-23
19-Oct-23,2023,10,October,Q4,19,Thursday,01-Oct-23
20-Oct-23,2023,10,October,Q4,20,Friday,01-Oct-23
21-Oct-23,2023,10,October,Q4,21,Saturday,01-Oct-23
22-Oct-23,2023,10,October,Q4,22,Sunday,01-Oct-23
23-Oct-23,2023,10,October,Q4,23,Monday,01-Oct-23
24-Oct-23,2023,10,October,Q4,24,Tuesday,01-Oct-23
25-Oct-23,2023,10,October,Q4,25,Wednesday,01-Oct-23
26-Oct-23,2023,10,October,Q4,26,Thursday,01-Oct-23
27-Oct-23,2023,10,October,Q4,27,Friday,01-Oct-23
28-Oct-23,2023,10,October,Q4,28,Saturday,01-Oct-23
29-Oct-23,2023,10,October,Q4,29,Sunday,01-Oct-23
30-Oct-23,2023,10,October,Q4,30,Monday,01-Oct-23
31-Oct-23,2023,10,October,Q4,31,Tuesday,01-Oct-23
01-Nov-23,2023,11,November,Q4,1,Wednesday,01-Nov-23
02-Nov-23,2023,11,November,Q4,2,Thursday,01-Nov-23
03-Nov-23,2023,11,November,Q4,3,Friday,01-Nov-23
04-Nov-23,2023,11,November,Q4,4,Saturday,01-Nov-23
05-Nov-23,2023,11,November,Q4,5,Sunday,01-Nov-23
06-Nov-23,2023,11,November,Q4,6,Monday,01-Nov-23
07-Nov-23,2023,11,November,Q4,7,Tuesday,01-Nov-23
08-Nov-23,2023,11,November,Q4,8,Wednesday,01-Nov-23
09-Nov-23,2023,11,November,Q4,9,Thursday,01-Nov-23
10-Nov-23,2023,11,November,Q4,10,Friday,01-Nov-23
11-Nov-23,2023,11,November,Q4,11,Saturday,01-Nov-23
12-Nov-23,2023,11,November,Q4,12,Sunday,01-Nov-23
13-Nov-23,2023,11,November,Q4,13,Monday,01-Nov-23
14-Nov-23,2023,11,November,Q4,14,Tuesday,01-Nov-23
15-Nov-23,2023,11,November,Q4,15,Wednesday,01-Nov-23
16-Nov-23,2023,11,November,Q4,16,Thursday,01-Nov-23
17-Nov-23,2023,11,November,Q4,17,Friday,01-Nov-23
18-Nov-23,2023,11,November,Q4,18,Saturday,01-Nov-23
19-Nov-23,2023,11,November,Q4,19,Sunday,01-Nov-23
20-Nov-23,2023,11,November,Q4,20,Monday,01-Nov-23
21-Nov-23,2023,11,November,Q4,21,Tuesday,01-Nov-23
22-Nov-23,2023,11,November,Q4,22,Wednesday,01-Nov-23
23-Nov-23,2023,11,November,Q4,23,Thursday,01-Nov-23
24-Nov-23,2023,11,November,Q4,24,Friday,01-Nov-23
25-Nov-23,2023,11,November,Q4,25,Saturday,01-Nov-23
26-Nov-23,2023,11,November,Q4,26,Sunday,01-Nov-23
27-Nov-23,2023,11,November,Q4,27,Monday,01-Nov-23
28-Nov-23,2023,11,November,Q4,28,Tuesday,01-Nov-23
29-Nov-23,2023,11,November,Q4,29,Wednesday,01-Nov-23
30-Nov-23,2023,11,November,Q4,30,Thursday,01-Nov-23
01-Dec-23,2023,12,December,Q4,1,Friday,01-Dec-23
02-Dec-23,2023,12,December,Q4,2,Saturday,01-Dec-23
03-Dec-23,2023,12,December,Q4,3,Sunday,01-Dec-23
04-Dec-23,2023,12,December,Q4,4,Monday,01-Dec-23
05-Dec-23,2023,12,December,Q4,5,Tuesday,01-Dec-23
06-Dec-23,2023,12,December,Q4,6,Wednesday,01-Dec-23
07-Dec-23,2023,12,December,Q4,7,Thursday,01-Dec-23
08-Dec-23,2023,12,December,Q4,8,Friday,01-Dec-23
09-Dec-23,2023,12,December,Q4,9,Saturday,01-Dec-23
10-Dec-23,2023,12,December,Q4,10,Sunday,01-Dec-23
11-Dec-23,2023,12,December,Q4,11,Monday,01-Dec-23
12-Dec-23,2023,12,December,Q4,12,Tuesday,01-Dec-23
13-Dec-23,2023,12,December,Q4,13,Wednesday,01-Dec-23
14-Dec-23,2023,12,December,Q4,14,Thursday,01-Dec-23
15-Dec-23,2023,12,December,Q4,15,Friday,01-Dec-23
16-Dec-23,2023,12,December,Q4,16,Saturday,01-Dec-23
17-Dec-23,2023,12,December,Q4,17,Sunday,01-Dec-23
18-Dec-23,2023,12,December,Q4,18,Monday,01-Dec-23
19-Dec-23,2023,12,December,Q4,19,Tuesday,01-Dec-23
20-Dec-23,2023,12,December,Q4,20,Wednesday,01-Dec-23
21-Dec-23,2023,12,December,Q4,21,Thursday,01-Dec-23
22-Dec-23,2023,12,December,Q4,22,Friday,01-Dec-23
23-Dec-23,2023,12,December,Q4,23,Saturday,01-Dec-23
24-Dec-23,2023,12,December,Q4,24,Sunday,01-Dec-23
25-Dec-23,2023,12,December,Q4,25,Monday,01-Dec-23
26-Dec-23,2023,12,December,Q4,26,Tuesday,01-Dec-23
27-Dec-23,2023,12,December,Q4,27,Wednesday,01-Dec-23
28-Dec-23,2023,12,December,Q4,28,Thursday,01-Dec-23
29-Dec-23,2023,12,December,Q4,29,Friday,01-Dec-23
30-Dec-23,2023,12,December,Q4,30,Saturday,01-Dec-23
31-Dec-23,2023,12,December,Q4,31,Sunday,01-Dec-23
01-Feb-23,2023,2,February,Q1,1,Wednesday,01-Feb-23
02-Feb-23,2023,2,February,Q1,2,Thursday,01-Feb-23
03-Feb-23,2023,2,February,Q1,3,Friday,01-Feb-23
04-Feb-23,2023,2,February,Q1,4,Saturday,01-Feb-23
05-Feb-23,2023,2,February,Q1,5,Sunday,01-Feb-23
06-Feb-23,2023,2,February,Q1,6,Monday,01-Feb-23
07-Feb-23,2023,2,February,Q1,7,Tuesday,01-Feb-23
08-Feb-23,2023,2,February,Q1,8,Wednesday,01-Feb-23
09-Feb-23,2023,2,February,Q1,9,Thursday,01-Feb-23
10-Feb-23,2023,2,February,Q1,10,Friday,01-Feb-23
11-Feb-23,2023,2,February,Q1,11,Saturday,01-Feb-23
12-Feb-23,2023,2,February,Q1,12,Sunday,01-Feb-23
13-Feb-23,2023,2,February,Q1,13,Monday,01-Feb-23
14-Feb-23,2023,2,February,Q1,14,Tuesday,01-Feb-23
15-Feb-23,2023,2,February,Q1,15,Wednesday,01-Feb-23
16-Feb-23,2023,2,February,Q1,16,Thursday,01-Feb-23
17-Feb-23,2023,2,February,Q1,17,Friday,01-Feb-23
18-Feb-23,2023,2,February,Q1,18,Saturday,01-Feb-23
19-Feb-23,2023,2,February,Q1,19,Sunday,01-Feb-23
20-Feb-23,2023,2,February,Q1,20,Monday,01-Feb-23
21-Feb-23,2023,2,February,Q1,21,Tuesday,01-Feb-23
22-Feb-23,2023,2,February,Q1,22,Wednesday,01-Feb-23
23-Feb-23,2023,2,February,Q1,23,Thursday,01-Feb-23
24-Feb-23,2023,2,February,Q1,24,Friday,01-Feb-23
25-Feb-23,2023,2,February,Q1,25,Saturday,01-Feb-23
26-Feb-23,2023,2,February,Q1,26,Sunday,01-Feb-23
27-Feb-23,2023,2,February,Q1,27,Monday,01-Feb-23
28-Feb-23,2023,2,February,Q1,28,Tuesday,01-Feb-23
01-Mar-23,2023,3,March,Q1,1,Wednesday,01-Mar-23
02-Mar-23,2023,3,March,Q1,2,Thursday,01-Mar-23
03-Mar-23,2023,3,March,Q1,3,Friday,01-Mar-23
04-Mar-23,2023,3,March,Q1,4,Saturday,01-Mar-23
05-Mar-23,2023,3,March,Q1,5,Sunday,01-Mar-23
06-Mar-23,2023,3,March,Q1,6,Monday,01-Mar-23
07-Mar-23,2023,3,March,Q1,7,Tuesday,01-Mar-23
08-Mar-23,2023,3,March,Q1,8,Wednesday,01-Mar-23
09-Mar-23,2023,3,March,Q1,9,Thursday,01-Mar-23
10-Mar-23,2023,3,March,Q1,10,Friday,01-Mar-23
11-Mar-23,2023,3,March,Q1,11,Saturday,01-Mar-23
12-Mar-23,2023,3,March,Q1,12,Sunday,01-Mar-23
13-Mar-23,2023,3,March,Q1,13,Monday,01-Mar-23
14-Mar-23,2023,3,March,Q1,14,Tuesday,01-Mar-23
15-Mar-23,2023,3,March,Q1,15,Wednesday,01-Mar-23
16-Mar-23,2023,3,March,Q1,16,Thursday,01-Mar-23
17-Mar-23,2023,3,March,Q1,17,Friday,01-Mar-23
18-Mar-23,2023,3,March,Q1,18,Saturday,01-Mar-23
19-Mar-23,2023,3,March,Q1,19,Sunday,01-Mar-23
20-Mar-23,2023,3,March,Q1,20,Monday,01-Mar-23
21-Mar-23,2023,3,March,Q1,21,Tuesday,01-Mar-23
22-Mar-23,2023,3,March,Q1,22,Wednesday,01-Mar-23
23-Mar-23,2023,3,March,Q1,23,Thursday,01-Mar-23
24-Mar-23,2023,3,March,Q1,24,Friday,01-Mar-23
25-Mar-23,2023,3,March,Q1,25,Saturday,01-Mar-23
26-Mar-23,2023,3,March,Q1,26,Sunday,01-Mar-23
27-Mar-23,2023,3,March,Q1,27,Monday,01-Mar-23
28-Mar-23,2023,3,March,Q1,28,Tuesday,01-Mar-23
29-Mar-23,2023,3,March,Q1,29,Wednesday,01-Mar-23
30-Mar-23,2023,3,March,Q1,30,Thursday,01-Mar-23
31-Mar-23,2023,3,March,Q1,31,Friday,01-Mar-23
01-Jan-24,2024,1,January,Q1,1,Monday,01-Jan-24
02-Jan-24,2024,1,January,Q1,2,Tuesday,01-Jan-24
03-Jan-24,2024,1,January,Q1,3,Wednesday,01-Jan-24
04-Jan-24,2024,1,January,Q1,4,Thursday,01-Jan-24
05-Jan-24,2024,1,January,Q1,5,Friday,01-Jan-24
06-Jan-24,2024,1,January,Q1,6,Saturday,01-Jan-24
07-Jan-24,2024,1,January,Q1,7,Sunday,01-Jan-24
08-Jan-24,2024,1,January,Q1,8,Monday,01-Jan-24
09-Jan-24,2024,1,January,Q1,9,Tuesday,01-Jan-24
10-Jan-24,2024,1,January,Q1,10,Wednesday,01-Jan-24
11-Jan-24,2024,1,January,Q1,11,Thursday,01-Jan-24
12-Jan-24,2024,1,January,Q1,12,Friday,01-Jan-24
13-Jan-24,2024,1,January,Q1,13,Saturday,01-Jan-24
14-Jan-24,2024,1,January,Q1,14,Sunday,01-Jan-24
15-Jan-24,2024,1,January,Q1,15,Monday,01-Jan-24
16-Jan-24,2024,1,January,Q1,16,Tuesday,01-Jan-24
17-Jan-24,2024,1,January,Q1,17,Wednesday,01-Jan-24
18-Jan-24,2024,1,January,Q1,18,Thursday,01-Jan-24
19-Jan-24,2024,1,January,Q1,19,Friday,01-Jan-24
20-Jan-24,2024,1,January,Q1,20,Saturday,01-Jan-24
21-Jan-24,2024,1,January,Q1,21,Sunday,01-Jan-24
22-Jan-24,2024,1,January,Q1,22,Monday,01-Jan-24
23-Jan-24,2024,1,January,Q1,23,Tuesday,01-Jan-24
24-Jan-24,2024,1,January,Q1,24,Wednesday,01-Jan-24
25-Jan-24,2024,1,January,Q1,25,Thursday,01-Jan-24
26-Jan-24,2024,1,January,Q1,26,Friday,01-Jan-24
27-Jan-24,2024,1,January,Q1,27,Saturday,01-Jan-24
28-Jan-24,2024,1,January,Q1,28,Sunday,01-Jan-24
29-Jan-24,2024,1,January,Q1,29,Monday,01-Jan-24
30-Jan-24,2024,1,January,Q1,30,Tuesday,01-Jan-24
31-Jan-24,2024,1,January,Q1,31,Wednesday,01-Jan-24
01-Feb-24,2024,2,February,Q1,1,Thursday,01-Feb-24
02-Feb-24,2024,2,February,Q1,2,Friday,01-Feb-24
03-Feb-24,2024,2,February,Q1,3,Saturday,01-Feb-24
04-Feb-24,2024,2,February,Q1,4,Sunday,01-Feb-24
05-Feb-24,2024,2,February,Q1,5,Monday,01-Feb-24
06-Feb-24,2024,2,February,Q1,6,Tuesday,01-Feb-24
07-Feb-24,2024,2,February,Q1,7,Wednesday,01-Feb-24
08-Feb-24,2024,2,February,Q1,8,Thursday,01-Feb-24
09-Feb-24,2024,2,February,Q1,9,Friday,01-Feb-24
10-Feb-24,2024,2,February,Q1,10,Saturday,01-Feb-24
11-Feb-24,2024,2,February,Q1,11,Sunday,01-Feb-24
12-Feb-24,2024,2,February,Q1,12,Monday,01-Feb-24
13-Feb-24,2024,2,February,Q1,13,Tuesday,01-Feb-24
14-Feb-24,2024,2,February,Q1,14,Wednesday,01-Feb-24
15-Feb-24,2024,2,February,Q1,15,Thursday,01-Feb-24
16-Feb-24,2024,2,February,Q1,16,Friday,01-Feb-24
17-Feb-24,2024,2,February,Q1,17,Saturday,01-Feb-24
18-Feb-24,2024,2,February,Q1,18,Sunday,01-Feb-24
19-Feb-24,2024,2,February,Q1,19,Monday,01-Feb-24
20-Feb-24,2024,2,February,Q1,20,Tuesday,01-Feb-24
21-Feb-24,2024,2,February,Q1,21,Wednesday,01-Feb-24
22-Feb-24,2024,2,February,Q1,22,Thursday,01-Feb-24
23-Feb-24,2024,2,February,Q1,23,Friday,01-Feb-24
24-Feb-24,2024,2,February,Q1,24,Saturday,01-Feb-24
25-Feb-24,2024,2,February,Q1,25,Sunday,01-Feb-24
26-Feb-24,2024,2,February,Q1,26,Monday,01-Feb-24
27-Feb-24,2024,2,February,Q1,27,Tuesday,01-Feb-24
28-Feb-24,2024,2,February,Q1,28,Wednesday,01-Feb-24
29-Feb-24,2024,2,February,Q1,29,Thursday,01-Feb-24
